region,mean_risk,ci_lower,ci_upper,n_observations,n_iterations
Pacific Coast,0.5189920000000001,0.4655608,0.5708035999999999,125,2000
Prairie,0.518768,0.47188600000000014,0.5676016,125,2000
Great Lakes,0.49667199999999995,0.4457604,0.5531276,125,2000
Atlantic,0.46156800000000003,0.4101867999999999,0.5090675999999998,125,2000
